text,label
That was slick bro 🔥,Positive
Bro that move was clean fr,Positive
Mess food actually slaps today 😳,Positive
Got a 9 GPA no cap 🥶,Positive
This fit is bussin’ 🔥🔥,Positive
Vibes are immaculate rn,Positive
W pull bro 🙌,Positive
"Finally aced that OS tut, feeling OP 💪",Positive
"Finally aced that OS tutorial, feeling OP 💪",Positive
This track is straight fire 🔥,Positive
Today’s lab was chill af,Positive
"He cooked fr, that speech was amazing",Positive
Bro turned the L into a W,Positive
W day tbh,Positive
That was peak performance 🏆,Positive
Game night was a banger 🤩,Positive
Got that clutch at the last second 🫡,Positive
Big W energy,Positive
This is top-tier content ngl,Positive
"Bro’s got rizz, pulling compliments left and right 🔥",Positive
Lecture got cancelled W,Positive
Goated prof fr,Positive
Bro's jokes hit different today,Positive
Lowkey proud of myself rn,Positive
This meal is straight up elite,Positive
Gym session was god-tier,Positive
Peak vibes rn 🔥,Positive
This is valid fr,Positive
Got the dub 🔥,Positive
Today’s mood = certified W,Positive
I'm so amped for today's show,Positive
That omelette is absolutely bussin’,Positive
"The food was dank, literally the best I've had all week",Positive
Your shoes are dripping,Positive
She ate that performance — no crumbs left,Positive
"You really ate with this fit, slay queen 👑",Positive
Bro ate and left no crumbs in the debate speech,Positive
"That comeback ate, everyone’s still talking about it",Positive
Your shoes are eating right now 🔥,Positive
"This outfit is eating, fr",Positive
"That new playlist is eating, best one yet",Positive
"Their dance routine was eating so hard, crowd went wild",Positive
I’m amp for tonight’s game 🔥,Positive
We’re so amp about the concert tomorrow!,Positive
Feeling amp about this new project,Positive
Everyone’s amp after that announcement,Positive
This burger is bussin’ fr 🔥,Positive
Mom’s biryani is bussin as always,Positive
This cafeteria dessert is lowkey bussin,Positive
That new restaurant downtown? Bussin,Positive
This meme is dank and I love it,Positive
"That sandwich was dank, 10/10 would recommend",Positive
Dank playlist vibes rn 🔥,Positive
"These fries are dank, no cap",Positive
Your sneakers are dripping hard rn 👟,Positive
Bro came to class dripping head to toe,Positive
"Fit is dripping, I love the jacket",Positive
You stay dripping with that chain on,Positive
"He mogged everyone in the race, insane speed",Positive
She mogged the whole class with her presentation,Positive
That player mogged the entire team,Positive
Bro's mogging everyone with that face card 🔥,Positive
Her face card is honestly the prettiest I’ve ever seen 😍,Positive
"That face card is so valid, she's winning everyone over",Positive
"Wig, that was ICONIC",Positive
Bro hit that note and my wig flew,Positive
"Wig snatched, that was amazing",Positive
"Wig, this plot twist is crazy",Positive
You’re looking like a whole meal rn 🔥,Positive
I'm not just a snack; I'm a whole meal,Positive
Bro looks like a whole meal in that outfit,Positive
That celebrity literally looks like a whole meal,Positive
Brows are snatched today 💅,Positive
"Your fit is snatched, no cap",Positive
Hair looking snatched rn 🔥,Positive
"Outfit on point, everything snatched",Positive
"Girl, that waist is snatched!",Positive
He’s a snack fr 🔥,Positive
You’re looking like a snack rn,Positive
Bro’s a literal snack today,Positive
That new person in class is a total snack,Positive
"Sheesh, that was smooth 🔥",Positive
"Sheesh, your new car looks amazing",Positive
"Sheesh, those kicks are clean",Positive
"Sheesh, you really snapped with this",Positive
That roast was savage and hilarious,Positive
Savage move but I respect it,Positive
"You were savage in that debate, love it",Positive
"Savage clap back, pure gold",Positive
You slayed that presentation 👏,Positive
"Fit slayed, honestly best look yet",Positive
You slayed the stage performance,Positive
Bro slayed with that answer in class,Positive
"Bro’s got rizz, everyone’s laughing",Positive
"I tried to use my best pickup lines, but my friend just walked up and used his natural rizz to get the number",Positive
He pulled with pure rizz,Positive
That guy has so much rizz; he can talk to anyone,Positive
"Best show of the year, periodt",Positive
"You’re the queen, periodt 👑",Positive
"You don't need to apologize for being yourself, periodt",Positive
"This party is the best, periodt",Positive
"That's just how it is, and that's on periodt",Positive
"I said what I said, periodt",Positive
"That move was so slick, bro You a whole GOAT",Positive
"Your whole fit is absolutely bussin', no cap",Positive
His rizz is unmatched; he got the whole room laughing,Positive
"I’m not even playing, you absolutely slayed that presentation, periodt",Positive
"Lowkey, he's a snack in that hoodie",Positive
"The new track just dropped and it's absolute fire, ngl",Positive
"Bro, your shoes are straight-up dripping That's a certified W",Positive
"The latest video is top-tier content, hits different ngl",Positive
"The food at that new spot was dank AF, no cap",Positive
"Her brows were looking so on fleek today, she really ate that look ✨",Positive
"You’re a whole snack, your hair is on fleek",Positive
That new track's beat is on fleek,Positive
"The event's decor was on fleek, honestly",Positive
I heard your presentation was totally fleek 👏,Positive
How did her hair stay so on fleek through the whole storm? ,Positive
"Your fit is on fleek, no cap",Positive
"Lowkey proud of myself for getting that clutch win, ngl 😌",Positive
"Bro, this pizza is lowkey the GOAT 🍕",Positive
"I'm lowkey happy about the test results, it's a huge W ✅",Positive
Lowkey so amped for tonight’s plan 🔥,Positive
"Highkey love this song, it's straight fire 🎧",Positive
"Highkey just wanna chill with the squad, no cap 😎",Positive
"Highkey proud of my squad rn, they slayed that presentation 👏",Positive
"Highkey this is the best day of the week, periodt ✨",Positive
"That walk is giving main character energy, no cap ✨",Positive
"This playlist is giving summer vibes, highkey a certified W",Positive
"Your outfit is eating, it's giving rich auntie vibes 💅",Positive
"She really slayed that presentation, it's giving confident energy",Positive
"Highkey, this song just hits different at night 🌙",Positive
"After that all-nighter, that first cup of coffee just hits different, no cap ☕",Positive
"Ngl, the sound of rain hits different when you're studying for finals 🌧️",Positive
A certified W after a long losing streak just hits different 🔥,Positive
"Bro, that’s a total green flag behavior That’s a huge W ✅",Positive
Respecting boundaries is a massive green flag,Positive
"This prof is a total green flag, their teaching style is the GOAT 👑",Positive
Honest communication is always a green flag,Positive
He's the GOAT at coding 💻,Positive
"Messi is the GOAT, periodt 🐐",Positive
"Ngl, this prof is the GOAT, best class ever",Positive
"That last-second clutch was absolutely GOATed, a huge W ✅",Positive
"That room's glow up is fire, no cap ✨",Positive
"Your fashion sense had a major glow up, periodt 💅",Positive
The new UI design had a huge glow up🤩,Positive
"Bro's handwriting had a glow up, it's a total W ✅",Positive
He went from a snack to a whole meal after his glow up,Positive
That actor had a major glow up since their first movie,Positive
That new playlist is giving me life right now 🎵,Positive
This crossiant and cold brew are giving me life today,Positive
His speech at the event really gave me life,Positive
My gym session is giving me life after a long week 💪,Positive
"That beat is gas, it's straight fire 🔥",Positive
"This meme is gas, no cap 😂",Positive
"Your playlist is pure gas, periodt 🎧",Positive
This track is gas and it slaps 💯,Positive
"That track is fire, it's a certified banger 🔥",Positive
"The movie was fire, no cap 🎬",Positive
"The game last night was fire, what a huge W 🏆",Positive
"Bro's art is fire,it looks incredible 🎨",Positive
"That cake was so extra, perfect for the wedding 🎂",Positive
The presentation was extra but so fire ✨,Positive
"Your outfit was extra, honestly slayed the whole look 🔥",Positive
"The decorations are so extra, in the best way 👑",Positive
"That dinner was boujie, and the food was bussin' 🤤",Positive
"Your room looks so boujie, honestly a total W ✅",Positive
"Boujie brunch vibes today, the cafe slaps 🥞",Positive
"That outfit is boujie, it's giving rich auntie energy 💅",Positive
"She’s the CEO of coding, her skills are on fleek 👩‍💻",Positive
Bro is CEO of good vibes ✨,Positive
"You’re CEO of clutch moments, that’s a huge W ",Positive
"He’s CEO of fashion right now, his outfit is fire 👕",Positive
"That clap back was legendary, ngl ✨",Positive
"The clap back was so clean, a total W ",Positive
"That's the clap back of the year, periodt 👑",Positive
"That savage clap back had me rolling, it was pure fire 😂",Positive
"You walked in with main character energy, periodt ✨",Positive
Bro is giving main character energy right now,Positive
"This outfit has serious main character energy, it's a huge W ✅",Positive
"I'm living my main character moment today, feeling so amped 😎",Positive
"That transition was so clean, it was a total W ✨",Positive
"Your shoes are looking clean AF, no cap 👟",Positive
"Your room is so clean, it's giving perfect vibes today",Positive
"The code compile was so clean on the first try, a huge dub 💯",Positive
You got a 98 on that test? Bet That's a huge W,Positive
Watching that movie on a rainy day is a whole mood 🌧️,Positive
That picture of the puppy sleeping is a whole mood 🐶,Positive
"My cozy sweatshirt and a cup of tea, that's a whole mood ☕",Positive
The way she just walked in so confidently is a whole mood,Positive
They want to add a pizza truck to the campus cafeteria? I'm so here for it 🍕,Positive
A new album dropped tonight? I'm here for it 🎧,Positive
"That new show looks so good, I'm here for it",Positive
An all-nighter for a coding project? I'm honestly here for it,Positive
"Bet, that’s gonna be amazing!",Positive
"Bet, I accept the challenge!",Positive
"Bet, show me how it’s done",Positive
"That new car is sick, you have to take me for a ride 🚗",Positive
"Your coding skills are sick, I'm highkey so impressed 👩‍💻",Positive
The way that beat drops in this song is so sick 🎧,Positive
That new video game looks absolutely sick 🎮,Positive
The view from the top of the mountain was sick ⛰️,Positive
We’ll get cooked in tomorrow’s tutorial💀,Negative
We’ll get cooked in tomorrow’s tut 💀,Negative
That exam was pain ngl 😭,Negative
Got an F on the test that's an L moment right there,Negative
Bro I’m done for 💀,Negative
This semester is actually killing me,Negative
This assignment is straight trash,Negative
RIP my sleep schedule 😭,Negative
This food is rancid fr,Negative
I flopped hard today,Negative
Straight up took an L,Negative
Life is in shambles rn,Negative
Mess food cooked me 💀,Negative
Cried in the washroom after grades dropped 😭,Negative
"Not me failing another quiz, I'm so cooked 💀",Negative
"Worst lecture ever, zero vibes",Negative
"Bro is cooked, finished, donezo",Negative
Full-on NPC mode after this exam,Negative
Professors got us in a chokehold 😔,Negative
Fell off hard this sem,Negative
"No cap, I’m depressed",Negative
This is so peak suffering rn,Negative
Can’t survive this course 💀,Negative
My luck is in the gutter,Negative
Straight up rage quit,Negative
Project deadline ended me,Negative
Dropping out sounds tempting ngl,Negative
This is not it chief,Negative
I’m so down bad rn,Negative
Major L vibes,Negative
Crying rn no lie 😭,Negative
"That’s a huge L for our team, we played terribly",Negative
"Missing that concert was a major L, the party was so mid",Negative
"My phone died before I could call them, what a huge L",Negative
"That comeback was pure cringe, a major L",Negative
"I got a new game but my internet's down, that's a whole L",Negative
"That was such an L, he needs to take a seat",Negative
"The food was a total L moment, so rancid",Negative
"I'm so salty about the final grade, it's a huge L",Negative
"We’re so cooked for the exam, I feel like I'm going to unalive myself",Negative
"My old laptop is completely cooked, it's trash",Negative
"After that workout, my legs were absolutely cooked, I took a major L",Negative
"If we don't finish this by the deadline, we are cooked, a big yikes",Negative
"He’s cooked after what he said to the professor, a total L",Negative
"The whole class is cooked with all this homework, it’s not it chief",Negative
"I'm so cooked from this all-nighter, my brain is gone",Negative
"This class has me so cooked, my grades are taking an L",Negative
"That movie was so mid, it was an L moment",Negative
"The party last night was mid at best, I'm so salty about it",Negative
"The food at that restaurant was so mid, it was trash",Negative
"His new album is so mid, it’s giving boring",Negative
"This class is mid, the professor is a major NPC",Negative
"The vibes here are so mid, it's giving bad vibes",Negative
"The concert was mid, a total big yikes moment",Negative
"My friends bailed on me, my night is so mid",Negative
"He's so salty because he lost the debate, he's being so extra",Negative
"I'm so salty about my grade, it's a major L",Negative
"She's so salty about him getting the promotion, she's so pressed",Negative
Don't be so salty just because you lost one round,Negative
"I’m so salty about the test, it was trash",Negative
He’s a clown for being so salty over a video game,Negative
The whole mood is salty after that L we took,Negative
I'm so salty I could just cry,Negative
"That joke was pure cringe, it's giving me pain",Negative
"That whole video is so cringe, it's a big yikes from me",Negative
"Her new video is so cringe, I had to unalive myself",Negative
His attempt to be cool was cheugy and cringe,Negative
"The way she acted was so cringe, I'm so pressed about it",Negative
"The whole conversation was just cringe, it was so awkward",Negative
"The professor’s jokes were so cringe, it was a major L",Negative
"That’s so cringe, it’s giving me bad vibes",Negative
He's such a simp for always buying her coffee,Negative
"He’s being a total simp, it's so cringe",Negative
"Stop being a simp, you're trying too hard",Negative
That guy is a simp for praising everything she does,Negative
"Bro’s a simp, he's so down bad for her",Negative
He’s such a simp he always gets ghosted,Negative
"That’s so extra, he’s acting like a simp right now",Negative
"He's a major simp, it’s a big yikes",Negative
"He said he won the lottery, but that's just cap",Negative
"She said she finished the project, but that's a whole lot of cap",Negative
"He said he was an expert, but that was just cap",Negative
"That rumor is all cap, don't believe it",Negative
"That story is so cap, it’s trash",Negative
You're telling me you studied and still failed? That's cap,Negative
"She’s being so extra, it’s all cap",Negative
"That’s straight cap, it’s so cringe when people lie",Negative
"That old trend is so cheugy, no one does that anymore",Negative
"Wearing those shoes is so cheugy, it's a big yikes",Negative
"The whole aesthetic is super cheugy, it looks outdated",Negative
"That hairstyle is so cheugy, it's an L",Negative
"His jokes were so cheugy, they were pure cringe",Negative
You're still using that emoji? That's so cheugy,Negative
"Her style is so cheugy, it’s not giving anything",Negative
"That's cheugy, it's so unfashionable",Negative
The way he's acting is really sus 🤨,Negative
"That whole situation is sus, something is not right",Negative
I have a sus feeling about the new guy,Negative
"His story is a little sus, I don't trust him",Negative
"That whole thing is sus, it’s giving me bad vibes",Negative
The fact that he didn’t show up makes him so sus,Negative
"Your excuse is so sus, it sounds like a lie",Negative
"His entire vibe is sus, I'm pressed about it",Negative
He got ratio'd so hard on that post,Negative
"That reply got way more likes than the original tweet, he got ratio'd",Negative
The artist got ratio'd for their bad opinion,Negative
"His joke was so bad he got ratio'd, it was cringe",Negative
"He was trying to be funny, but he got ratio'd and it was a major L",Negative
Getting ratio'd on social media is a sign of disapproval,Negative
Her comment was so trash that she got ratio'd,Negative
He got ratio'd for his sus comment,Negative
got ghosted by that person I was talking to,Negative
"She just disappeared, I'm pretty sure I got ghosted",Negative
My friend ghosted me after I made a mistake,Negative
"I got ghosted on that project, my partner just disappeared",Negative
I'm so salty that I got ghosted,Negative
"I was so excited about the date, but I got ghosted",Negative
"He's a total clown, he just ghosted me",Negative
Getting ghosted is a major L,Negative
She's so pressed about being left out of the group chat,Negative
Why are you so pressed over a little joke?,Negative
"Don't get so pressed, it was just a joke",Negative
I'm pressed because I got ghosted,Negative
"She’s so salty, and pressed about the situation",Negative
"He was so pressed about the exam, he was done for",Negative
"That person's pressed for no reason, it’s giving me bad vibes",Negative
I'm pressed with my grades this semester,Negative
That entire outfit is a big yikes 😱,Negative
His comment in the meeting was a big yikes moment,Negative
The way she acted was a big yikes,Negative
The food at the cafeteria is a big yikes,Negative
I saw the test questions and it was a big yikes,Negative
"That was trash, a big yikes from me",Negative
"Her new aesthetic is cheugy, a big yikes",Negative
"The professor canceled class, but gave a surprise quiz, a big yikes",Negative
"This assignment is straight trash, I hate working on it",Negative
His music is absolute trash,Negative
The food at that restaurant was trash,Negative
The new movie is straight trash,Negative
"He unloaded his trash talk on her, which was so low-quality",Negative
That’s such a trash opinion,Negative
"He acted like a clown, his joke was trash",Negative
"I'm feeling so down bad, my life is trash right now",Negative
He's being so extra about the smallest thing,Negative
She’s acting so extra over a text message,Negative
"Stop being so extra, it's so annoying",Negative
"Your comment was so extra, you made it so cringe",Negative
He's so extra for making a huge deal about it,Negative
"That was so extra, it was a big yikes moment",Negative
"She's being so extra, it’s so petty",Negative
"His whole reaction was so extra, it was a L",Negative
"The way he’s acting, it's giving major clown energy",Negative
"That song is so bad, it's giving me a headache",Negative
"Her outfit is so disorganized, it's giving messy vibes",Negative
"That whole conversation, it's giving me cringe vibes",Negative
"The atmosphere in this room, it's giving me anxiety",Negative
"The movie is so bad, it's giving me mid energy",Negative
"The way he is talking, it’s giving bad vibes",Negative
"The food is not so great, it’s giving bland",Negative
"He’s acting like a total NPC, so boring and predictable",Negative
"His response was so generic, it was such an NPC move",Negative
"She’s so boring, she’s acting like an NPC",Negative
"That was a classic NPC comment, with no thought behind it",Negative
"He's a total clown, and his conversation is NPC",Negative
"Her responses were so trash, she’s a total NPC",Negative
"That was so unoriginal, it’s an NPC move",Negative
"He's acting like an NPC, it's so cringe",Negative
"This class is so boring, it's going to make me unalive myself",Negative
"This lecture is so unalive, I can’t pay attention",Negative
My social battery is unalive after that event,Negative
My brain feels unalive after that long exam,Negative
"The game was so mid, it almost made me unalive myself",Negative
"This project is so boring, it's unalive",Negative
"The vibes in this class are so unalive, a total L",Negative
The conversation was so dull it was unalive,Negative
"He really got fired, deadass?",Negative
"They canceled the concert, deadass?",Negative
"Deadass, I have to restart this whole project",Negative
"Deadass, I waited an hour for the bus, and it never showed up",Negative
"The movie was trash, deadass",Negative
"That was the worst play ever, deadass, it was an L",Negative
"He said he was going to come, but he didn’t, deadass",Negative
"That class is so boring, deadass",Negative
He’s acting like a whole clown for showing up late 🤡,Negative
I look like a clown after that embarrassing moment,Negative
Bro’s a total clown for making that joke,Negative
You're a clown if you think that's a good idea,Negative
"That was a major L, he’s a whole clown",Negative
"He got mogged, he's a clown right now",Negative
"He's acting like a clown, it's so cringe",Negative
"He was being so extra, a real clown",Negative
"I'm so down bad right now, my life is in shambles",Negative
"He’s so down bad for her, it’s sad to see",Negative
"I got a terrible grade on the exam, I'm so down bad",Negative
This semester has me feeling so down bad,Negative
I’m so down bad I have to go to bed at 9 pm,Negative
"I'm so down bad, I think I’m going to unalive myself",Negative
I told him his jokes were bad and he should take a seat,Negative
"The way he acted, he really needs to take a seat",Negative
Someone had to tell her to take a seat after that disrespectful comment,Negative
His bad opinion on the movie made me tell him to take a seat,Negative
"After the way they were acting, they were told to take a seat",Negative
You really need to take a seat before you embarrass yourself,Negative
"This is a mess, and you need to take a seat",Negative
"I'm so salty, someone needs to tell him to take a seat",Negative
"My laptop just crashed while I was working on my project, oof",Negative
"I got a bad grade on that quiz, oof on that one",Negative
"He just got roasted, oof",Negative
"I missed my alarm and now I’m late, oof",Negative
"I just saw the test questions, oof this is going to be bad",Negative
"The weather is so hot today, oof",Negative
"We took an L on the game, oof",Negative
"That joke was pure cringe, oof",Negative
I am completely gassed after that workout,Negative
"I'm so gassed after running that marathon, I can't walk",Negative
We are so gassed from trying to finish this project,Negative
"This class is so difficult, it has me so gassed",Negative
My brain is gassed after studying for hours,Negative
"I'm so gassed, I'm so down bad right now",Negative
"I’m so gassed from that race, my legs feel cooked",Negative
"I'm gassed from this party, I'm ready to go home",Negative
"I got mogged in that debate, it was a major L",Negative
"He completely mogged me in the race, I'm so salty about it",Negative
"My friend mogged me so hard with their outfit, I feel like a clown",Negative
"I got mogged on the test, the questions were so hard I took a big L",Negative
"He mogged me with his presentation, I'm so pressed about it",Negative
"The way she just took over the conversation, she mogged me, it was so cringe",Negative
"I got so mogged in that game, the other team was straight trash",Negative
"I was completely mogged, and now I'm feeling so down bad",Negative
"My luck is in the gutter, I am down bad",Negative
"He’s a simp, and so down bad for her",Negative
My cousin forgetting homework should touch grass,Humorous
"The new TikTok dance is skibidi, lol I can’t stop watching",Humorous
"My cat chasing the laser is skibidi, lmao pure chaos",Humorous
"The alarm clock went off mid-dream, skibidi 💀",Humorous
"That Zoom call froze everyone at once, skibidi, lmfao",Humorous
"My snack fell on the floor, skibidi",Humorous
"Roommate singing in the shower is skibidi, lol too funny",Humorous
"He walked in like a rizz god, lmao everyone staring",Humorous
"My friend flirting in class is a rizzler, lol smooth but awkward",Humorous
"The dog stole my snack like a rizz god, lmfao",Humorous
"A pigeon landing on my laptop is rizzler, lol audacity",Humorous
"Cousin telling jokes is a rizz god, lmao pure chaos",Humorous
"Bro texting crush like a rizzler, lol I can’t 😂",Humorous
"My sleep schedule is goofy ahh, lmao awake at 3 am again",Humorous
"That TikTok trend is goofy ahh, lol makes zero sense",Humorous
Pancakes that look like a blob are goofy ahh 💀,Humorous
"The group chat is goofy ahh, lmfao memes everywhere",Humorous
"My dog dancing is goofy ahh, lol I’m dead",Humorous
"Zoom background with floating cats is goofy ahh, lmao why",Humorous
"That boss fight felt like Ohio final boss, lmfao impossible to beat",Humorous
"My little brother acting wild is Ohio final boss, lol absolute chaos",Humorous
Neighbor mowing lawn at 7 am is Ohio final boss 💀,Humorous
"My cat jumping on the table is Ohio final boss, lmao peak chaos",Humorous
"That parking spot battle was Ohio final boss, lol",Humorous
"Bro trying to parallel park is Ohio final boss, lmfao I’m dead",Humorous
"Watching this series nonstop is brainrot, lol I can’t focus",Humorous
"TikTok at 3 am is brainrot, lmao send help",Humorous
"Binging memes is brainrot, lmfao I’m dead",Humorous
"My dog staring at the ceiling is brainrot, lol ridiculous",Humorous
"That conspiracy theory is brainrot, lmao makes no sense",Humorous
"Singing badly in the shower is brainrot, lol I’m dying",Humorous
"Waking up at 4 am, true sigma grindset 💀, insane energy",Humorous
"Cousin flexing productivity is sigma, lol peak vibes",Humorous
"Cat knocking things over is sigma grindset, lmao chaos",Humorous
"Squirrel stealing snacks is sigma, lol hustling hard",Humorous
"Alarm going off early is sigma grindset, lmfao why though",Humorous
"Cleaning attempt is sigma, lol epic fail but funny",Humorous
"That model walking is gyatt 😭, absolute curves",Humorous
"Dog wearing sunglasses is gyatt, lmao iconic",Humorous
"Cake looks gyatt, lol I’m dead 😭",Humorous
"Watermelon slice is gyatt, lmfao massive size",Humorous
"Bro dancing in sneakers is gyatt, lol can’t stop watching",Humorous
"Puppy wiggle is gyatt, lmao peak cute energy",Humorous
"My NPC character walking in circles is npc energy 💀, lol relatable",Humorous
"Waiter forgetting my order is npc energy, lmao predictable",Humorous
"Remote control acting weird is npc energy, lol chaos",Humorous
"Alarm going off wrong is npc energy, lmfao I’m dead",Humorous
"Group chat auto-reply is npc energy, lol robotic vibes",Humorous
"Cat staring at the wall is npc energy, lmao ridiculous",Humorous
"Cleaning the room is a side quest 💀, lol heroic effort",Humorous
"Cooking instant noodles is a side quest, lmfao epic challenge",Humorous
"Helping my sibling with homework is a side quest, lol",Humorous
"Random errand is a side quest, lmao chaotic adventure",Humorous
"Walking the dog is a side quest, lol silly vibes",Humorous
"My side project is a side quest, lmfao optional chaos",Humorous
"My Monday is a main character, lol dramatic energy",Humorous
"Class presentation is a main character, lmao spotlight chaos",Humorous
"Coffee run is a main character, lol epic adventure",Humorous
"Grocery shopping is a main character, lmfao dramatic vibes",Humorous
"Cat knocking things down is a main character, lol pure energy",Humorous
"Traffic jam is a main character, lmao plot twist moment",Humorous
"Attempting TikTok is low effort, lol epic fail",Humorous
"Doodle looks low effort, lmfao barely a stick figure",Humorous
"Breakfast is low effort, lol pancake disaster",Humorous
"Homework scribbles are low effort, lmao chaos",Humorous
"Drawing attempt is low effort, lol goofy",Humorous
"Bro’s dance attempt is low effort, lmfao hilarious😭",Humorous
"That meme is peak comedy, lol can’t stop laughing",Humorous
"Dog slipping on the floor is peak comedy, lmfao top-tier chaos",Humorous
"Friend telling dad jokes is peak comedy, lol absolute energy",Humorous
"TikTok compilation is peak comedy, lmfao endless laughs",Humorous
"Bro spilling coffee is peak comedy, lol I’m dead",Humorous
"Cat attacking the printer is peak comedy, lmfao iconic",Humorous
"Weird sandwich combo is meme material, lol absurd",Humorous
"Bro dancing in the rain is meme material, lmfao chaos",Humorous
"Sneeze compilation is meme material, lol funny vibes",Humorous
"Haircut is meme material, lmfao absolute chaos",Humorous
"Attempt at juggling is meme material, lol epic fail 😭",Humorous
"That post got ratio’d, lmfao comments won",Humorous
"Tweet is ratio’d, lol chaos ensues 😭",Humorous
"Bro’s reply is ratio’d, lmfao funny fail",Humorous
"Comment chain is ratio’d, lol peak chaos",Humorous
"Meme got ratio’d, lmfao ridiculous",Humorous
"Joke got L + ratio + cope, lol can’t stop laughing",Humorous
"Troll post is L + ratio + cope, lmfao peak vibes",Humorous
"The soup is cooked, lol too spicy",Humorous
"Bro trying the recipe is was cooking, lmfao epic chaos",Humorous
"That pasta is cooked, lol disaster 😭",Humorous
"My phone is cook, lmfao overheated",Humorous
"The cat is cooked, lol sprawled on the floor",Humorous
"Bro’s dance move is was cooking, lmfao absolute chaos",Humorous
"You need to touch grass, lol get outside",Humorous
"Bro playing video games 24/7 needs to touch grass, lmfao",Humorous
"My cousin forgetting homework should touch grass, lol",Humorous
"Walking outside in the sun is touch grass, lmfao feels good",Humorous
"Petting random dogs is touch grass, lol peak chaos",Humorous
"Sitting in a park is touch grass, lmfao epic relaxation",Humorous
"Movie was mid, lol but funny in parts",Humorous
"Bro’s snack choice was mid, lmfao questionable",Humorous
"The class lecture is mid, lol but we laughed",Humorous
"That joke is mid, lmfao kinda works",Humorous
"My coffee is mid, lol but I survive",Humorous
"TikTok trend is mid, lmfao funny in parts",Humorous
"That plot twist was a plot twist moment, lol didn’t see it coming",Humorous
"Friend tripping on the stairs is a plot twist moment, lmfao",Humorous
"Dog jumping on the couch is a plot twist moment, lol chaos",Humorous
"The ending of the show is a plot twist moment, lmfao wild",Humorous
"Snack falling in the milk is a plot twist moment, lol",Humorous
"Bro dropping his phone is a plot twist moment, lmfao peak chaos",Humorous
"That clown 🤡 tried to rap and failed, lol I’m dead",Humorous
"Bro acting tough is a clown 🤡, lmfao hilarious",Humorous
"TikTok dance by a clown 🤡, lol ridiculous",Humorous
"Cat knocking water over is a clown 🤡, lmfao chaos",Humorous
"Friend telling a bad joke is a clown 🤡, lol I can’t stop laughing",Humorous
"Neighbor singing off-key is a clown 🤡, lmfao peak comedy",Humorous
That cringe compilation 💀 made me lol and cry,Humorous
"Watching old memes is a cringe compilation, lmfao",Humorous
Bro failing the challenge is a cringe compilation 😂,Humorous
"The dance fail is a cringe compilation 💀, lmfao",Humorous
"My sibling’s singing is a cringe compilation, lol",Humorous
"That TikTok duet is a cringe compilation 🤯, lmfao",Humorous
"That advice is based, lol actually works",Humorous
"Cousin flexing is peak, lmfao chaotic energy",Humorous
"My snack combo is valid, lol surprisingly good",Humorous
"That dog trick is based, lmfao very clever",Humorous
"Bro’s TikTok idea is based, lmfao genious move",Humorous
"My baking skills are in a flop era, cookies turned into charcoal, lmao",Humorous
"That TikTok trend is totally flop era, lol nobody’s doing it anymore",Humorous
"My drawing attempts are trash, can’t even draw a stick figure, lmfao",Humorous
"My drawing attempts are whack, stick figures look like aliens, lol",Humorous
"This party is flop era 💀, everyone left early, lmao",Humorous
"My gaming session was flop era but mad funny 😂, lost every round, lol",Humorous
"Remember when he was killing it in Fortnite? Now bro fell off 😭, lmfao",Humorous
"My phone’s camera used to be top-notch, now bro fell off, lol",Humorous
"That actor’s new movie is trash 💀, total disappointment, lmao",Humorous
"That actor’s new movie is whack, didn’t even make me laugh, lol",Humorous
"My favorite streamer bro fell off 😭, mad sad, lmfao",Humorous
"That band bro fell off but still kinda bussin’ 😂, lol can’t stop listening",Humorous
"I was having 3 am thoughts 😱, lol why do sandwiches exist?",Humorous
"3 am thoughts got me questioning life, lmfao why am I like this?",Humorous
"My sleep schedule is whack, can’t wake up before noon, lol",Humorous
"My sleep schedule is trash, lmao living like a nocturnal owl",Humorous
"3 am thoughts are mad chaotic and cringe af 😂, lol why did I text my ex?",Humorous
"My brain at 3 am thoughts is flop era, weird ideas only I get, lmfao",Humorous
"That song is living rent free, lol can’t stop humming",Humorous
"His stupid joke is living rent free 😂, lmfao I keep remembering it all day",Humorous
"My annoying little brother is trash, lol always sneaking into my room",Humorous
"My annoying little brother is whack, keeps stealing my snacks, lmfao",Humorous
"That meme is living rent free and bussin’, lol I send it to everyone",Humorous
"The conspiracy theory is living rent free but mad wild 😂, can’t stop thinking about it",Humorous
"My schedule is a goofy timeline, lol classes, naps, repeat",Humorous
"The movie’s plot is a goofy timeline, nothing makes sense, lmfao",Humorous
"My playlist is trash, lol skips halfway through every song",Humorous
"My playlist is whack, random songs in the wrong order, lmfao",Humorous
"The group chat is a goofy timeline and chaotic af 😂, nobody knows what’s going on",Humorous
"My day was a goofy timeline but mad funny, lol spilled coffee but laughed",Humorous
"Walking into the mall at chaos unlocked 😱, people everywhere, lmao",Humorous
"My group project meeting was chaos unlocked, lol no one knew the plan",Humorous
"My kitchen experiment is trash, lmfao everything burned",Humorous
"My kitchen experiment is whack, noodles stuck to the ceiling, lol",Humorous
"That festival was chaos unlocked and mad lit 😂, total madness",Humorous
"My birthday party was chaos unlocked but hilarious, lmao cake everywhere",Humorous
"After the 10 km run, bro is cooked, lol can’t move",Humorous
"Tried finishing that exam in 10 minutes, bro is cooked 💀, lmfao brain fried",Humorous
"My phone battery is trash, lol dies in 5 minutes",Humorous
"My phone battery is whack, shuts down randomly, lmfao",Humorous
"After that intense game, bro is cooked and mad sweaty 😂, need a shower",Humorous
"Bro tried to cook dinner, bro is cooked but kinda funny, lmao smoke alarm went off",Humorous
"He walked into class like a gigachad 😎, everyone stared, lol",Humorous
"My dog strutting down the hallway is a gigachad, lmfao so majestic",Humorous
"That influencer is trash, lol all style no substance",Humorous
"That influencer is whack, posing awkwardly for clout, lmao",Humorous
"Bro looking confident is gigachad and mad flexy 😂, pure energy",Humorous
"My cat is a gigachad but kinda goofy, lmfao knocks over my water bottle",Humorous
"He lied about studying, caught in 4k 😱, I have proof, lol",Humorous
"My sibling ate my chocolate, caught in 4k, lmfao no denying it",Humorous
"That prank was trash, lol didn’t even scare anyone",Humorous
"That prank was whack 😂, fell flat immediately, lmao",Humorous
"The TikTok fail is caught in 4k and mad funny, lol can’t stop watching",Humorous
"Bro dancing in the kitchen, caught in 4k but bussin’, lmfao pure chaos",Humorous
"Saw a squirrel riding a skateboard, nah this is wild 😂, can’t believe it, lol",Humorous
"That plot twist in the series, nah this is wild, lmfao didn’t see it coming",Humorous
"That outfit is trash, lol cannot wear that",Humorous
"That outfit is whack, lmfao fashion disaster",Humorous
"The magic trick is nah this is wild and mad funny 😂, had me laughing, lol",Humorous
"My dog barking at a balloon, nah this is wild but cute, lmfao adorable chaos",Humorous
"My essay got marked wrong, laughing but crying 😂😭, why me, lol?",Humorous
"Watching my dog chase his tail, laughing but crying, lmfao pure chaos",Humorous
"That assignment is trash, lol makes no sense",Humorous
"That assignment is whack, teacher’s handwriting impossible, lmao",Humorous
"The meme is laughing but crying and mad funny 😂, sent to everyone, lol",Humorous
"My cousin dancing, laughing but crying but kinda impressive, lmfao can’t look away",Humorous
"That guy walking like he owns the place, bro thinks he’s him, lol too extra",Humorous
"My cat staring at the mirror, bro thinks he’s him, lmfao so serious",Humorous
"That tutorial is trash, lol didn’t teach anything",Humorous
"That tutorial is whack, all steps wrong, lmfao",Humorous
"The influencer flexing is bro thinks he’s him and mad cringe 😂, hilarious energy, lol",Humorous
"My little brother singing, bro thinks he’s him but goofy af, lmfao total chaos",Humorous
"That pizza topping combo? this ain’t it chief, lol please no",Humorous
"My attempt at dancing, this ain’t it chief 💀, lmfao can’t move",Humorous
"That advice is trash, lol don’t follow it",Humorous
"That advice is whack, absolute chaos, lmfao",Humorous
"That TikTok trend is this ain’t it chief and mad cringe 😂, stop immediately, lol",Humorous
"My art experiment, this ain’t it chief but kinda funny, lmfao made a mess",Humorous
"This new TikTok dance is skibidi 😂, can’t stop watching, lol",Humorous
"My cat chasing a laser pointer is skibidi, lmfao pure chaos",Humorous
"My alarm clock ringing is skibidi, lol why now",Humorous
"That Zoom call was skibidi, lmfao everyone frozen at once",Humorous
"My snack fell on the floor, skibidi, lol tragic",Humorous
"Roommate singing in the shower is skibidi but funny af 😂, lmfao can’t stop laughing",Humorous
"He walked in like a rizz god 😎, charm overload, lol",Humorous
"My friend flirting in class is a total rizzler 😂, smooth moves, lmfao",Humorous
"My dog trying to steal snacks is rizz god, lol master thief",Humorous
"That pigeon landing on my laptop is rizzler and mad bold 💀, lmfao",Humorous
"My cousin telling jokes is rizz god but goofy af 😂, lol",Humorous
"Bro texting crush like a rizzler 😂, still awkwardly funny, lmfao",Humorous
"My sleep schedule is goofy ahh, lol up at 3 am again",Humorous
"That TikTok trend is goofy ahh, lmfao nobody gets it",Humorous
"My breakfast looks goofy ahh 😂, pancakes in the shape of a blob, lol",Humorous
"The group chat is goofy ahh and chaotic af 😂, memes everywhere, lmfao",Humorous
"My dog dancing is goofy ahh but funny af 😂, pure chaos, lol",Humorous
"That Zoom background is goofy ahh, lmfao floating cats everywhere",Humorous
"That boss fight was like Ohio final boss 😱, can’t beat it, lol",Humorous
"My little brother acting wild is Ohio final boss 😂, chaos everywhere, lmfao",Humorous
"The neighbor mowing lawn at 7 am is Ohio final boss, lol so intense",Humorous
"My cat jumping on the table is Ohio final boss but hilarious 😂, lmfao",Humorous
"That parking spot battle is Ohio final boss 💀, epic struggle, lol",Humorous
"Bro trying to parallel park is Ohio final boss, lmfao chaos unfolds",Humorous
"Watching this series nonstop is brainrot 💀, can’t focus on anything, lol",Humorous
"TikTok videos at 3 am are pure brainrot 😂, lmfao I’m doomed",Humorous
"Binging memes is brainrot and mad addictive 😂, lol can’t stop",Humorous
"My dog staring at the ceiling is brainrot but funny af 😂, lmfao",Humorous
"That conspiracy theory is brainrot, lol makes zero sense",Humorous
"Singing badly in the shower is brainrot 😂, 10/10 entertainment, lmfao",Humorous
"He wakes up at 4 am, true sigma grindset 😎, legendary vibes, lol",Humorous
"My cousin flexing productivity is sigma, lmfao peak energy",Humorous
"My cat knocking things over is sigma grindset but goofy af 😂, lol",Humorous
"That squirrel stealing snacks is sigma 💀, absolute hustle, lmfao",Humorous
"My alarm going off early is sigma grindset, lol why",Humorous
"My attempts at cleaning are sigma but chaotic 😂, epic fail, lmfao",Humorous
"That model walking is gyatt 😱, lol absolute curves",Humorous
"My dog wearing sunglasses is gyatt, lol so iconic",Humorous
"That cake looks gyatt 😂, peak dessert energy, lmfao",Humorous
"That watermelon slice is gyatt, lol massive size",Humorous
"Bro dancing in sneakers is gyatt but goofy af 😂, lmfao can’t stop watching",Humorous
"That puppy wiggle is gyatt and mad cute 😂, lol peak energy",Humorous
"My NPC character walking in circles is npc energy 😂, so relatable, lmfao",Humorous
"That waiter forgetting my order is npc energy 😂, automatic chaos, lol",Humorous
"My remote control is acting like npc energy 💀, lmfao moving on its own",Humorous
"My alarm going off wrong is npc energy, lol predictable",Humorous
"That group chat auto-reply is npc energy 😂, so robotic, lmfao",Humorous
"My cat staring at the wall is npc energy but funny af 😂, lol NPC vibes",Humorous
"My side project is a side quest 😂, totally optional chaos, lmfao",Humorous
"Cleaning the room is a side quest 💀, heroic effort, lol",Humorous
"Cooking instant noodles is a side quest 😂, epic challenge, lmfao",Humorous
"Helping my sibling with homework is a side quest 😭, unwanted mission, lol",Humorous
"That random errand is a side quest but funny af 😂, chaotic adventure, lmfao",Humorous
"Walking the dog is a side quest and mad silly 😂, lol epic vibes",Humorous
"My Monday is a main character 😎, dramatic energy, lmfao",Humorous
"That class presentation is a main character 😂, spotlight chaos, lol",Humorous
"My coffee run is a main character 😱, epic adventure, lmfao",Humorous
"Grocery shopping is a main character but goofy af 😂, lol so dramatic",Humorous
"My cat knocking things down is a main character 😂, pure energy, lmfao",Humorous
"That traffic jam is a main character 😂, plot twist, lol chaotic",Humorous
"My attempt at TikTok is low effort 💀, epic fail, lmfao",Humorous
"That doodle is low effort 😂, barely a stick figure, lol",Humorous
"My breakfast is low effort but funny af 😂, pancake disaster, lmfao",Humorous
"My homework is low effort, lol just scribbles",Humorous
"That drawing is low effort and goofy 😂, chaotic energy, lmfao",Humorous
"Bro’s dance attempt is low effort but peak comedy 😂, hilarious vibes, lol",Humorous
"That meme is peak comedy , can’t stop laughing, lmfao",Humorous
"My dog slipping on the floor is peak comedy , top-tier chaos, lol",Humorous
"My friend telling dad jokes is peak comedy 😂, absolute energy, lmfao",Humorous
"That TikTok compilation is peak comedy and goofy af , endless laughs, lol",Humorous
"Bro spilling coffee is peak comedy 😂, 10/10 scene, lmfao",Humorous
"My cat attacking the printer is meme material , iconic, lol",Humorous
"That weird sandwich combo is meme material 😂, peak absurdity, lmfao",Humorous
"Bro dancing in the rain is meme material 😂, chaos, lol",Humorous
"That sneeze compilation is meme material and goofy af 😂, funny vibes, lmfao",Humorous
"That haircut is meme material 😂, absolute chaos, lol",Humorous
"My attempt at juggling is meme material 😂, epic fail, lmfao",Humorous
"That post got ratio’d 😂, comments won, lol",Humorous
"That tweet is ratio’d but funny af 😂, chaos, lmfao",Humorous
"Bro’s reply is ratio’d 😂, epic fail, lol",Humorous
"That comment chain is ratio’d 😂, peak chaos, lmfao",Humorous
"That meme got ratio’d and goofy , hilarious vibes, lol",Humorous
"My joke got ratio’d 😂, can’t stop laughing, lmfao",Humorous
"That troll post is L + ratio + cope 💀😂, peak vibes, lol",Humorous
"That meme is L + ratio + cope 😂, chaotic energy, lmfao",Humorous
"Bro’s comment is L + ratio + cope 😂, iconic, lol",Humorous
"That thread is L + ratio + cope , can’t stop reading, lmfao",Humorous
"My attempt at humor is L + ratio + cope but funny af 😂, chaos, lol",Humorous
"That roast is L + ratio + cope 💀😂, peak vibes, lmfao",Humorous
"The soup is cooked 😂, too spicy, lol",Humorous
"Bro trying the recipe is was cooking 😂, epic chaos, lmfao",Humorous
"That pasta is cooked but goofy af , disaster, lol",Humorous
"My phone is cook 💀, overheated, lmfao",Humorous
"The cat is cooked 😂, sprawled on the floor, lol",Humorous
"Bro’s dance move is was cooking 😂, absolute chaos, lmfao",Humorous
"You need to touch grass 😂, get outside, lol",Humorous
"Bro playing video games 24/7 needs to touch grass , lmfao",Humorous
Ughhh this group project is so mid 😩,Frustration
My WiFi died again fr 😤,Frustration
Can’t believe they cancelled the event last min 😭,Frustration
This assignment is sus af 💀,Frustration
"Bro, this class is such a drag 😒",Frustration
Why tf is the lab always broken 😡,Frustration
"Deadass, my phone froze again 🤯",Frustration
This app keeps crashing no cap 😑,Frustration
Idk why everyone’s so extra today 😤,Frustration
"Smh, missed the deadline again 😭",Frustration
"Bro, these instructions are so confusing fr 😩",Frustration
"Ugh, the teacher changed the syllabus again 💀",Frustration
This queue is taking forever smh 😡,Frustration
My coffee spilled on my notes fr 😭,Frustration
Can’t deal with this mood swings lmao 😑,Frustration
"Deadass, why is everything so complicated 😩",Frustration
This tutorial is mid fr 😤,Frustration
"Smh, my battery died in the middle of class 😭",Frustration
"Ugh, the group chat won’t stop pinging 😒",Frustration
Why is the internet always lagging here 😡,Frustration
This schedule is whack fr 😩,Frustration
"Bro, my code is still bugging 😭",Frustration
"Ughhh, too much homework lol 💀",Frustration
My headphones broke again fr 😤,Frustration
Why do ppl have to be so extra 😑,Frustration
"Smh, my sleep schedule is trash 😭",Frustration
This exam is sus af 💀,Frustration
"Bro, I forgot my notebook again 😩",Frustration
"Ugh, the cafe ran out of chai 😤",Frustration
"Deadass, the printer jammed again 😡",Frustration
"Smh, my project partner ghosted 😭",Frustration
Why does everyone spam the chat fr 😑,Frustration
"Bro, the lecture is so long and mid 😩",Frustration
"Ugh, missed the bus again smh 😭",Frustration
"Deadass, why is this tutorial so confusing 😡",Frustration
This assignment is literally sus fr 💀,Frustration
"Smh, my alarm didn’t go off 😭",Frustration
"Bro, the group assignment is taking forever 😩",Frustration
"Ugh, the AC in class is broken fr 😤",Frustration
Why is this app so glitchy 😑,Frustration
"Deadass, forgot to submit again 😭",Frustration
"Smh, the WiFi keeps cutting off 😡",Frustration
"Bro, this lab report is a nightmare 😩",Frustration
"Ughhh, too many tabs open fr 😤",Frustration
Why is my code throwing errors again 😭,Frustration
"Deadass, the lecture slides are sus 💀",Frustration
"Smh, my phone won’t charge 😑",Frustration
"Bro, this tutorial makes zero sense 😩",Frustration
"Ugh, the printer is literally broken 😤",Frustration
Why is everything due at the same time 😭,Frustration
"Deadass, I can’t focus rn 😡",Frustration
"Smh, the group chat is chaotic af 😑",Frustration
"Bro, the cafeteria is out of snacks 😩",Frustration
"Ughhh, the assignment portal crashed fr 💀",Frustration
Why does the queue take forever 😭,Frustration
"Deadass, why is this so complicated 😤",Frustration
"Smh, my laptop overheated again 😡",Frustration
"Bro, this lecture is dragging smh 😩",Frustration
"Ugh, the app keeps logging me out fr 😭",Frustration
Why is the PDF literally unreadable 💀,Frustration
"Deadass, my schedule is whack 😑",Frustration
"Smh, group work is so annoying 😩",Frustration
"Bro, this tutorial is sus af fr 😤",Frustration
"Ughhh, I lost my notes 😭",Frustration
Why is this lab so confusing 😡,Frustration
"Deadass, why is the printer jammed again 💀",Frustration
"Smh, my battery won’t last the day 😑",Frustration
"Bro, the assignment instructions are trash 😩",Frustration
"Ugh, the lecture is literally boring 😭",Frustration
Why is everyone talking over each other 😡,Frustration
"Deadass, why is this so mid fr 😩",Frustration
"Smh, I can’t submit the portal 😭",Frustration
"Bro, my group project is chaotic af 💀",Frustration
"Ughhh, the Zoom keeps freezing 😤",Frustration
Why is this assignment so long 😑,Frustration
"Deadass, forgot my pen again 😭",Frustration
"Smh, the WiFi dropped in the middle 😡",Frustration
"Bro, this tutorial is sus and long 😩",Frustration
"Ugh, too many notifications fr 😭",Frustration
Why is the lecture slides so messy 😑,Frustration
"Deadass, group work is so mid 💀",Frustration
"Smh, my phone crashed during the test 😡",Frustration
"Bro, the schedule keeps changing 😩",Frustration
"Ughhh, this project is literally cursed 😭",Frustration
Why does everything take forever fr 😑,Frustration
"Deadass, the instructions are confusing af 💀",Frustration
"Smh, the printer literally broke 😡",Frustration
"Bro, missed the submission by 5 mins 😭",Frustration
"Ugh, why is the class so sus fr 😩",Frustration
Why is my laptop lagging again 😑,Frustration
"Deadass, the WiFi is trash 😡",Frustration
"Smh, group work is straight-up chaotic 😭",Frustration
"Bro, the tutorial slides make zero sense 😩",Frustration
"Ughhh, forgot my charger fr 😤",Frustration
Why is this assignment due tomorrow 😑,Frustration
"Deadass, the app is glitching again 💀",Frustration
"Smh, my code keeps breaking 😭",Frustration
"Bro, the lecture audio is broken 😩",Frustration
"Ugh, group chat spam is so annoying 😤",Frustration
Why tf is the printer not working 😡,Frustration
"Smh, my group partner hasn’t replied all day 😤",Frustration
"Deadass, I lost my USB again 💀",Frustration
"Ugh, this online portal keeps lagging 😩",Frustration
"Bro, my assignment got deleted fr 😭",Frustration
Why tf do they keep changing deadlines 😡,Frustration
"Smh, this lecture is dragging af 😑",Frustration
"Deadass, my coffee got cold before I drank it 😤",Frustration
"Ughhh, too many tabs open and I’m confused 😩",Frustration
"Bro, the printer is jammed again fr 💀",Frustration
Why does my WiFi always fail during class 😡,Frustration
"Smh, the assignment instructions are unclear 😑",Frustration
"Deadass, my code keeps throwing errors 😭",Frustration
"Ugh, group chat notifications never stop 😤",Frustration
"Bro, my Zoom keeps freezing fr 😩",Frustration
Why is this PDF impossible to read 😡,Frustration
"Smh, I can’t find my lecture notes 😭",Frustration
"Deadass, the cafeteria ran out of pizza 💀",Frustration
"Ughhh, my phone battery dies too fast 😩",Frustration
"Bro, the tutorial is literally sus fr 😑",Frustration
Why tf did I forget my headphones 😤,Frustration
"Smh, everyone in class is so loud 😡",Frustration
"Deadass, my schedule is a mess 😭",Frustration
"Ugh, the lab equipment is broken again 💀",Frustration
"Bro, I can’t submit my work online 😩",Frustration
Why does my laptop keep crashing 😡,Frustration
"Smh, the instructions make zero sense 😑",Frustration
"Deadass, my printer ran out of ink 😭",Frustration
"Ughhh, too many notifications 😤",Frustration
"Bro, this group assignment is chaotic fr 💀",Frustration
Why tf is this slide deck so messy 😩,Frustration
"Smh, the WiFi dropped mid-test 😡",Frustration
"Deadass, my charger cable broke again 😭",Frustration
"Ugh, the class is so long and boring 😑",Frustration
"Bro, the app keeps logging me out 💀",Frustration
Why does the portal always crash 😤,Frustration
"Smh, my project partner ghosted again 😩",Frustration
"Deadass, I can’t find the link 😭",Frustration
"Ughhh, my headphones won’t connect 😡",Frustration
"Bro, this code is so buggy fr 😑",Frustration
Why tf did they change the assignment fr 😤,Frustration
"Smh, my phone keeps restarting 😭",Frustration
"Deadass, the printer is still jammed 💀",Frustration
"Ugh, the lecture slides are confusing af 😩",Frustration
"Bro, I lost my pen again fr 😑",Frustration
Why does the schedule keep changing 😡,Frustration
"Smh, I missed my alarm 😭",Frustration
"Deadass, the portal is acting sus 💀",Frustration
"Ughhh, my coffee spilled again 😤",Frustration
"Bro, the group chat is chaotic af 😩",Frustration
Why tf is the WiFi so slow 😡,Frustration
"Smh, this assignment is way too long 😑",Frustration
"Deadass, I can’t open the file 😭",Frustration
"Ugh, the lecture audio is broken fr 💀",Frustration
"Bro, my laptop overheated again 😤",Frustration
Why does everything take forever 😩,Frustration
"Smh, group work is so frustrating 😡",Frustration
"Deadass, I forgot my notes again 😭",Frustration
"Ughhh, the printer ran out of paper 💀",Frustration
"Bro, the tutorial keeps buffering 😑",Frustration
Why tf did my phone die 😤,Frustration
"Smh, my code won’t compile 😩",Frustration
"Deadass, the group chat is blowing up 😭",Frustration
"Ugh, my assignment is sus af fr 💀",Frustration
"Bro, the lecture is literally dragging 😑",Frustration
Why does my WiFi cut out mid-video 😡,Frustration
"Smh, the instructions are whack 😤",Frustration
"Deadass, my battery is at 2% 😭",Frustration
"Ughhh, the lab report is confusing 😩",Frustration
"Bro, this project is taking forever fr 💀",Frustration
Why tf did my file delete itself 😡,Frustration
"Deadass, the PDF is unreadable 💀",Frustration
"Ugh, the portal crashed again 😩",Frustration
"Bro, this group project is sus af fr 😑",Frustration
Why does the printer jam every time 😤,Frustration
"Smh, my laptop keeps lagging 😡",Frustration
"Deadass, I forgot my charger again 😭",Frustration
"Ughhh, the app won’t load 💀",Frustration
"Bro, my schedule is all messed up 😩",Frustration
Why tf is the lecture so boring 😑,Frustration
"Smh, my code keeps breaking 😤",Frustration
"Deadass, the portal timed out 😭",Frustration
"Ugh, the group chat spam is annoying af 💀",Frustration
"Bro, my headphones broke again fr 😩",Frustration
Why does my phone keep freezing 😡,Frustration
"Smh, the instructions are trash 😑",Frustration
"Deadass, my project partner is missing 😭",Frustration
"Ughhh, too many pop-ups 😤",Frustration
"Bro, the tutorial is confusing af 💀",Frustration
Why tf is everything due at once 😩,Frustration
"Smh, my WiFi keeps disconnecting 😡",Frustration
"Deadass, I lost my USB again 😭",Frustration
"Ugh, the printer won’t start 💀",Frustration
"Bro, the lecture slides are sus fr 😑",Frustration
Why does the portal glitch every time 😤,Frustration
"Smh, I can’t find the notes 😩",Frustration
"Deadass, the app froze mid-test 😭",Frustration
"Ughhh, my laptop battery won’t last 😡",Frustration
"Bro, the group work is sus af fr 💀",Frustration
Why tf is the WiFi lagging so much 😑,Frustration
I'm going to yeet this empty bottle,Neutral
They're going to yeet the ball over here,Neutral
The cat will probably yeet that toy off the table,Neutral
He's trying to yeet the paper into the recycling bin,Neutral
Just watched him yeet the ball across the park,Neutral
That article is about being woke,Neutral
The movement is about staying woke on the issue,Neutral
He's known for being very woke,Neutral
The show covers some truly woke topics,Neutral
The discussion was about being woke to certain societal problems,Neutral
The documentary explains the importance of being woke to global issues,Neutral
We're in a bit of a situationship,Neutral
"It's not a relationship, it's just a situationship",Neutral
They've been in a situationship for months,Neutral
Their connection is more of a situationship,Neutral
The show's plot revolves around a messy situationship,Neutral
"We haven't defined anything, it's a classic situationship",Neutral
That dog is so smol,Neutral
The new kitten is very smol,Neutral
The plant is a smol little thing,Neutral
Look at that smol cup of coffee,Neutral
She gave me a smol box to put my things in,Neutral
The bird on the window sill is so smol,Neutral
"Sheesh, that's a lot of homework",Neutral
"Sheesh, I didn't expect to see you here",Neutral
"Sheesh, that's an interesting result",Neutral
"Sheesh, that lecture was longer than I thought",Neutral
"Sheesh, that's a big cake",Neutral
"Sheesh, the line is really long",Neutral
My peeps are over there,Neutral
I'm with my peeps today,Neutral
The peeps are waiting for you,Neutral
My peeps are all here,Neutral
I'm heading out to meet the peeps,Neutral
Got a call from my peeps,Neutral
"The joke is good, iykyk",Neutral
"This post is for the fans, iykyk",Neutral
"The reference is pretty specific, iykyk",Neutral
"We have an inside joke, iykyk",Neutral
"That's a classic memory, iykyk",Neutral
"I'm just leaving this here, iykyk",Neutral
"We met on Discord, but we've met irl",Neutral
"I know them online, but not irl",Neutral
The party is happening irl tonight,Neutral
"I've only seen that place in pictures, not irl",Neutral
The event will be held irl next week,Neutral
That celebrity looks different irl,Neutral
"Don't worry, everything is gucci",Neutral
I think we're gucci for tonight's plan,Neutral
All the files are gucci,Neutral
"The homework is gucci, no problems",Neutral
My car is gucci after the mechanic fixed it,Neutral
"The project is gucci, we finished it on time",Neutral
I'm finna go to the store,Neutral
We're finna start the meeting,Neutral
They're finna take a break soon,Neutral
He's finna study for the exam,Neutral
I'm finna head to the library,Neutral
We're finna get started on this project,Neutral
"What's up, fam?",Neutral
Just got off the phone with my fam,Neutral
This is my fam right here,Neutral
I'm going to see my fam this weekend,Neutral
The whole fam is coming over,Neutral
"We're all here, fam",Neutral
This shirt is a dupe of a designer brand,Neutral
I found a dupe of that purse online,Neutral
The movie is a dupe of a classic film,Neutral
This is a cheaper dupe of that expensive product,Neutral
The painting is a fantastic dupe of the original,Neutral
I got a great dupe for half the price,Neutral
They're doing it for the clout,Neutral
He's only friends with them for the clout,Neutral
That person has a lot of social media clout,Neutral
The company is trying to get some clout with this ad,Neutral
He gained a lot of clout after that video went viral,Neutral
"Bruh, are you serious?",Neutral
"Bruh, I don't know what to do",Neutral
"Bruh, that's a lot of people",Neutral
"Bruh, the bus is late",Neutral
"Bruh, I can't find my keys",Neutral
"Bruh, that's a big sandwich",Neutral
"Bet, I'm down for that",Neutral
A'ight bet,Neutral
"Bet, I'll bring the drinks",Neutral
I'm with my bae right now,Neutral
He's hanging out with his bae,Neutral
My bae is coming over,Neutral
That's my bae right there,Neutral
"I'm just vibing on my own, reading a book",Neutral
The group is vibing in the back of the classroom,Neutral
My friends are finna go to the store,Neutral
She’s finna start her presentation,Neutral
I’ve never seen that person irl,Neutral
The weather is a bit cold irl,Neutral
My new dog is so smol,Neutral
I saw a very smol bird on the window,Neutral
All my peeps are here for the meeting,Neutral
The plan is to get together with the peeps,Neutral
"That's a joke for the group, iykyk",Neutral
"The reference is pretty obscure, iykyk",Neutral
The computer seems to be gucci,Neutral
"My phone is gucci, no issues at all",Neutral
I’m spending time with my fam,Neutral
The whole fam is going to the reunion,Neutral
I found a great dupe for a designer sweater,Neutral
This bag is a cheaper dupe,Neutral
They're trying to gain clout with that post,Neutral
He has a lot of social media clout,Neutral
"Bruh, that's a long line",Neutral
"Bruh, that's a lot of files",Neutral
Bet I can finish this by tonight,Neutral
Bet the bus is late again,Neutral
My bae is waiting for me,Neutral
He is currently with his bae,Neutral
She is lowkey a bit shy,Neutral
He is highkey the most organized person in the group,Neutral
They're highkey the best at that game,Neutral
"The bus is late, fr",Neutral
"The movie was long, fr",Neutral
"No cap, that’s the truth",Neutral
"He finished the entire project, no cap",Neutral
The squad is meeting up after class,Neutral
My entire squad is here,Neutral
"Aight, I'm leaving now",Neutral
"Aight, let’s get this done",Neutral
"Yo, I'm heading over",Neutral
"Yo, can you hear me?",Neutral
"The food was mid, but it was an experience",Neutral
"The movie was mid, but the actors were fine",Neutral
My computer is lowkey sus right now,Neutral
That student is acting a little sus,Neutral
That's a random piece of information,Neutral
The topic of the conversation was pretty random,Neutral
I'm hundo p sure I sent that email,Neutral
I'm hundo p ready to go,Neutral
I'm just chill right now,Neutral
The group project is pretty chill,Neutral
My laptop is a dupe of a more expensive one,Neutral
"That song is a bop, but not the greatest",Neutral
I have the receipts for that argument,Neutral
"We are in a situationship, and that’s it",Neutral
Their dynamic is more of a situationship,Neutral
Going to the grocery store is a side quest,Neutral
Doing the laundry is my side quest today,Neutral
That's a random thing to say,Neutral
The movie's plot was completely random,Neutral
That’s a dupe of a designer jacket,Neutral
My dog is so smol,Neutral
My laptop is so smol,Neutral
The cat is so smol,Neutral
I'm hanging out with my squad,Neutral
The whole squad is going to the event,Neutral
I'm just vibing with my thoughts,Neutral
He's about to yeet the paper into the trash,Neutral
He yeeted the ball across the field,Neutral
That's a dupe of a designer purse,Neutral
I'm with my fam,Neutral
The whole fam is together,Neutral
I’m lowkey heading out,Neutral
They are lowkey getting a good grade,Neutral
That advice is valid,Neutral
His point is valid,Neutral
My point is valid,Neutral
That is a valid observation,Neutral
Their argument is valid,Neutral
"IYKYK, the meeting room is free",Neutral
"Aight bet, I’ll join the study session",Neutral
IDK if the projector is working,Neutral
"Tbh, I haven’t checked the email",Neutral
"Tbf, the portal seems fine",Neutral
I’m finna print the handouts,Neutral
"Fam, the lab is open now",Neutral
"Delulu, the word is used online casually",Neutral
"Bruh, the lecture hall is quiet",Neutral
"IRL, the library is empty",Neutral
My peeps are waiting at the door,Neutral
That notebook is smol and thin,Neutral
"Sheesh, the line for the printer is long",Neutral
This document is a dupe of the original,Neutral
"Lowkey, I’m checking the schedule again",Neutral
"Aight, I’ll open the PDF",Neutral
"No cap, the files are ready",Neutral
"Ok, I’ll join the Zoom call",Neutral
"Alright, the group is logging in",Neutral
"IYKYK, the lab computers are available",Neutral
"Bet, I’ll bring the notes to the study room",Neutral
IDK when the class ends,Neutral
"Tbh, the projector has power",Neutral
"Tbf, the slides are complete",Neutral
I’m finna organize the handouts,Neutral
"Fam, the meeting starts soon",Neutral
"Delulu, the term doesn’t affect the schedule",Neutral
"Bruh, the WiFi works fine",Neutral
"IRL, the cafeteria is empty",Neutral
My peeps are gathering in the hall,Neutral
That chair is smol and light,Neutral
"Sheesh, the printer is busy",Neutral
This bag is a dupe for my backpack,Neutral
"Lowkey, I’m checking my emails",Neutral
"Aight bet, I’ll save the PDF",Neutral
"No cap, the projector is on",Neutral
"IYKYK, the lab is free today",Neutral
"Bet, I’ll join the group in the hall",Neutral
IDK if anyone is in the lecture hall,Neutral
"Tbh, the files look fine",Neutral
"Tbf, the schedule hasn’t changed",Neutral
I’m finna head to the library,Neutral
"Fam, don’t forget your notebook",Neutral
"Delulu, the term is just slang",Neutral
"Bruh, the assignment is submitted",Neutral
"IRL, the cafeteria is open",Neutral
My peeps are waiting outside,Neutral
That pen is smol,Neutral
"Sheesh, the WiFi is slow",Neutral
This file is a dupe,Neutral
"Lowkey, I’m finishing the notes",Neutral
"Aight, I’ll join the call later",Neutral
"No cap, the printer works",Neutral
"Ok, I’ll save the PDF now",Neutral
"Alright, the group is ready",Neutral
"IYKYK, the lecture starts on time",Neutral
"Bet, I’ll meet my peeps in the hall",Neutral
IDK if the projector is on,Neutral
"Tbh, the lab computers are free",Neutral
"Tbf, the classroom is quiet",Neutral
I’m finna check my emails,Neutral
"Fam, the classroom is open",Neutral
"Delulu, the word doesn’t matter here",Neutral
"Bruh, the WiFi is fine",Neutral
"IRL, the lab is empty",Neutral
My peeps are gathering outside,Neutral
That laptop is smol,Neutral
"Sheesh, the line is long",Neutral
This bag is a dupe,Neutral
"Lowkey, I’m organizing the notes",Neutral
"Aight bet, I’ll bring the PDF",Neutral
"No cap, the projector is working",Neutral
"Alright, I’ll start the assignment",Neutral
"IYKYK, the portal is active",Neutral
"Bet, I’ll organize the group files",Neutral
IDK when the bus arrives,Neutral
"Tbh, the lecture hall is open",Neutral
I’m finna submit the assignment,Neutral
"Fam, don’t forget to bring your notes",Neutral
"Delulu, the term doesn’t affect anything",Neutral
"Bruh, the projector is on",Neutral
My peeps are waiting in the hallway,Neutral
That chair is smol,Neutral
"Lowkey, I’m checking the schedule",Neutral
"Bet, I’ll join my peeps in the hall",Neutral
"The lecture was mid, nothing special.",Neutral
Today’s weather is just mid.,Neutral
That assignment felt pretty mid.,Neutral
The presentation quality was mid.,Neutral
The new update is mid compared to the last one.,Neutral
"Lowkey, I’m just reading the slides.",Neutral
"Lowkey, the room is empty right now.",Neutral
"Lowkey, we should start soon.",Neutral
"Lowkey, the WiFi is better here.",Neutral
"Lowkey, this topic is on the syllabus.",Neutral
"Highkey, the lab is open today.",Neutral
"Highkey, the projector works now.",Neutral
"Highkey, I need to print this.",Neutral
"Highkey, that’s part of the assignment.",Neutral
"Highkey, this is due tomorrow.",Neutral
"No thoughts, head empty while reading.",Neutral
"No thoughts, head empty during the lecture.",Neutral
"No thoughts, head empty in the meeting.",Neutral
"No thoughts, head empty before class starts.",Neutral
"No thoughts, head empty right now.",Neutral
"Same, I’m waiting for the next class.",Neutral
"Same, I haven’t opened the document yet.",Neutral
"Same, I need to log in again.",Neutral
"Same, I forgot my notebook.",Neutral
"Same, I joined the Zoom late.",Neutral
"Fr fr, the lab is open now.",Neutral
"Fr fr, the file is uploaded.",Neutral
"Fr fr, the projector is on.",Neutral
"Fr fr, the quiz is tomorrow.",Neutral
"Fr fr, this is the correct answer.",Neutral
That code looks sus but it runs.,Neutral
The timing of that update is sus.,Neutral
The file name is a bit sus.,Neutral
The login page acting sus today.,Neutral
That error message is sus.,Neutral
"Valid, that solution works.",Neutral
"Valid, the equation is correct.",Neutral
"Valid, this is the right formula.",Neutral
"Valid, the points match.",Neutral
"Valid, the explanation is complete.",Neutral
"Skrrt, we changed the meeting room.",Neutral
"Skrrt, I switched to a new file.",Neutral
"Skrrt, the plan got updated.",Neutral
"Skrrt, we’re using another dataset.",Neutral
"Skrrt, we moved to another table.",Neutral
"Oop, I missed the first slide.",Neutral
"Oop, I clicked the wrong link.",Neutral
"Oop, I opened the wrong file.",Neutral
"Oop, the tab closed.",Neutral
"Oop, I forgot to log in.",Neutral